<?xml version="1.0" encoding="UTF-8"?><rss version="2.0"
	xmlns:content="http://purl.org/rss/1.0/modules/content/"
	xmlns:wfw="http://wellformedweb.org/CommentAPI/"
	xmlns:dc="http://purl.org/dc/elements/1.1/"
	xmlns:atom="http://www.w3.org/2005/Atom"
	xmlns:sy="http://purl.org/rss/1.0/modules/syndication/"
	xmlns:slash="http://purl.org/rss/1.0/modules/slash/"
	>

<channel>
	<title>Salato &#8211; San Pane</title>
	<atom:link href="http://localhost/miopane/categoria-prodotto/salato/feed/?simply_static_page=297" rel="self" type="application/rss+xml" />
	<link></link>
	<description>La bellezza del carboidrato</description>
	<lastBuildDate>Sun, 26 Mar 2023 12:43:56 +0000</lastBuildDate>
	<language>it-IT</language>
	<sy:updatePeriod>
	hourly	</sy:updatePeriod>
	<sy:updateFrequency>
	1	</sy:updateFrequency>
	<generator>https://wordpress.org/?v=6.1.1</generator>
	<item>
		<title>Pangrattato</title>
		<link>/prodotto/pangrattato/</link>
					<comments>/prodotto/pangrattato/#respond</comments>
		
		<dc:creator><![CDATA[jen]]></dc:creator>
		<pubDate>Sun, 26 Mar 2023 12:43:56 +0000</pubDate>
				<guid isPermaLink="false">/?post_type=product#038;p=91</guid>

					<description><![CDATA[Confezioni di pangrattato per rendere le panature asciutte, fragranti e croccantissime]]></description>
										<content:encoded><![CDATA[<p>Confezioni di pangrattato per rendere le panature asciutte, fragranti e croccantissime</p>
]]></content:encoded>
					
					<wfw:commentRss>/prodotto/pangrattato/feed/</wfw:commentRss>
			<slash:comments>0</slash:comments>
		
		
			</item>
		<item>
		<title>Pane Rustico</title>
		<link>/prodotto/pane-rustico/</link>
					<comments>/prodotto/pane-rustico/#respond</comments>
		
		<dc:creator><![CDATA[jen]]></dc:creator>
		<pubDate>Sun, 26 Mar 2023 12:42:11 +0000</pubDate>
				<guid isPermaLink="false">/?post_type=product#038;p=87</guid>

					<description><![CDATA[Filone di pane rustico ideale per panini fragranti e bruschette saporite]]></description>
										<content:encoded><![CDATA[<p>Filone di pane rustico ideale per panini fragranti e bruschette saporite</p>
]]></content:encoded>
					
					<wfw:commentRss>/prodotto/pane-rustico/feed/</wfw:commentRss>
			<slash:comments>0</slash:comments>
		
		
			</item>
		<item>
		<title>Pane Integrale</title>
		<link>/prodotto/pane-integrale/</link>
					<comments>/prodotto/pane-integrale/#respond</comments>
		
		<dc:creator><![CDATA[jen]]></dc:creator>
		<pubDate>Sun, 26 Mar 2023 12:36:23 +0000</pubDate>
				<guid isPermaLink="false">/?post_type=product#038;p=83</guid>

					<description><![CDATA[Filone di pane integrale fragrante e profumato]]></description>
										<content:encoded><![CDATA[<p>Filone di pane integrale fragrante e profumato</p>
]]></content:encoded>
					
					<wfw:commentRss>/prodotto/pane-integrale/feed/</wfw:commentRss>
			<slash:comments>0</slash:comments>
		
		
			</item>
		<item>
		<title>Pane di Segale</title>
		<link>/prodotto/81/</link>
					<comments>/prodotto/81/#respond</comments>
		
		<dc:creator><![CDATA[jen]]></dc:creator>
		<pubDate>Sun, 26 Mar 2023 11:49:12 +0000</pubDate>
				<guid isPermaLink="false">/?post_type=product#038;p=81</guid>

					<description><![CDATA[Pane di segale in cassetta perfetto per toast fragranti]]></description>
										<content:encoded><![CDATA[<p>Pane di segale in cassetta perfetto per toast fragranti</p>
]]></content:encoded>
					
					<wfw:commentRss>/prodotto/81/feed/</wfw:commentRss>
			<slash:comments>0</slash:comments>
		
		
			</item>
		<item>
		<title>Pane di grano duro</title>
		<link>/prodotto/pane-di-grano-duro/</link>
					<comments>/prodotto/pane-di-grano-duro/#respond</comments>
		
		<dc:creator><![CDATA[jen]]></dc:creator>
		<pubDate>Sun, 26 Mar 2023 11:45:42 +0000</pubDate>
				<guid isPermaLink="false">/?post_type=product#038;p=78</guid>

					<description><![CDATA[Il nostro preferito in assoluto, crosta croccante e interno morbido e profumato, ideale per bruschette e aperitivi]]></description>
										<content:encoded><![CDATA[<p>Il nostro preferito in assoluto, crosta croccante e interno morbido e profumato, ideale per bruschette e aperitivi</p>
]]></content:encoded>
					
					<wfw:commentRss>/prodotto/pane-di-grano-duro/feed/</wfw:commentRss>
			<slash:comments>0</slash:comments>
		
		
			</item>
		<item>
		<title>Pane ai semi BIO</title>
		<link>/prodotto/pane-ai-semi-bio/</link>
					<comments>/prodotto/pane-ai-semi-bio/#respond</comments>
		
		<dc:creator><![CDATA[jen]]></dc:creator>
		<pubDate>Sun, 26 Mar 2023 11:40:36 +0000</pubDate>
				<guid isPermaLink="false">/?post_type=product#038;p=77</guid>

					<description><![CDATA[Pane ideale per chi sta attento alla materia prima e alla provenienza del cibo che mangia]]></description>
										<content:encoded><![CDATA[<p>Pane ideale per chi sta attento alla materia prima e alla provenienza del cibo che mangia</p>
]]></content:encoded>
					
					<wfw:commentRss>/prodotto/pane-ai-semi-bio/feed/</wfw:commentRss>
			<slash:comments>0</slash:comments>
		
		
			</item>
		<item>
		<title>Pane alle Olive</title>
		<link>/prodotto/pane-alle-olive/</link>
					<comments>/prodotto/pane-alle-olive/#respond</comments>
		
		<dc:creator><![CDATA[jen]]></dc:creator>
		<pubDate>Sun, 26 Mar 2023 11:36:56 +0000</pubDate>
				<guid isPermaLink="false">/?post_type=product#038;p=74</guid>

					<description><![CDATA[Sfizioso pane con olive taggiasche per un profumo e un sapore inconfondibili]]></description>
										<content:encoded><![CDATA[<p>Sfizioso pane con olive taggiasche per un profumo e un sapore inconfondibili</p>
]]></content:encoded>
					
					<wfw:commentRss>/prodotto/pane-alle-olive/feed/</wfw:commentRss>
			<slash:comments>0</slash:comments>
		
		
			</item>
		<item>
		<title>Baguette</title>
		<link>/prodotto/baguette/</link>
					<comments>/prodotto/baguette/#respond</comments>
		
		<dc:creator><![CDATA[jen]]></dc:creator>
		<pubDate>Sun, 26 Mar 2023 11:31:13 +0000</pubDate>
				<guid isPermaLink="false">/?post_type=product#038;p=73</guid>

					<description><![CDATA[Il tipico filoncino di pane francese con un gusto dolce e inconfondibile]]></description>
										<content:encoded><![CDATA[<p>Il tipico filoncino di pane francese con un gusto dolce e inconfondibile</p>
]]></content:encoded>
					
					<wfw:commentRss>/prodotto/baguette/feed/</wfw:commentRss>
			<slash:comments>0</slash:comments>
		
		
			</item>
		<item>
		<title>Taralli</title>
		<link>/prodotto/taralli/</link>
					<comments>/prodotto/taralli/#respond</comments>
		
		<dc:creator><![CDATA[jen]]></dc:creator>
		<pubDate>Sun, 26 Mar 2023 11:27:40 +0000</pubDate>
				<guid isPermaLink="false">/?post_type=product#038;p=68</guid>

					<description><![CDATA[Taralli ideali per gli aperitivi croccanti con il tuo drink preferito, noi amiamo lo Spritz, disponibili in diversi gusti]]></description>
										<content:encoded><![CDATA[<p>Taralli ideali per gli aperitivi croccanti con il tuo drink preferito, noi amiamo lo Spritz, disponibili in diversi gusti</p>
]]></content:encoded>
					
					<wfw:commentRss>/prodotto/taralli/feed/</wfw:commentRss>
			<slash:comments>0</slash:comments>
		
		
			</item>
		<item>
		<title>Pala romana</title>
		<link>/prodotto/pala-romana/</link>
					<comments>/prodotto/pala-romana/#respond</comments>
		
		<dc:creator><![CDATA[jen]]></dc:creator>
		<pubDate>Sun, 26 Mar 2023 11:19:02 +0000</pubDate>
				<guid isPermaLink="false">/?post_type=product#038;p=67</guid>

					<description><![CDATA[La pizza di Roma per i palati più esigenti con delicata e profumata mortadella]]></description>
										<content:encoded><![CDATA[<p>La pizza di Roma per i palati più esigenti con delicata e profumata mortadella</p>
]]></content:encoded>
					
					<wfw:commentRss>/prodotto/pala-romana/feed/</wfw:commentRss>
			<slash:comments>0</slash:comments>
		
		
			</item>
	</channel>
</rss>
