<?xml version="1.0" encoding="UTF-8"?><rss version="2.0"
	xmlns:content="http://purl.org/rss/1.0/modules/content/"
	xmlns:wfw="http://wellformedweb.org/CommentAPI/"
	xmlns:dc="http://purl.org/dc/elements/1.1/"
	xmlns:atom="http://www.w3.org/2005/Atom"
	xmlns:sy="http://purl.org/rss/1.0/modules/syndication/"
	xmlns:slash="http://purl.org/rss/1.0/modules/slash/"
	>

<channel>
	<title>Dolce &#8211; San Pane</title>
	<atom:link href="http://localhost/miopane/categoria-prodotto/dolce/feed/?simply_static_page=285" rel="self" type="application/rss+xml" />
	<link></link>
	<description>La bellezza del carboidrato</description>
	<lastBuildDate>Sun, 26 Mar 2023 12:45:41 +0000</lastBuildDate>
	<language>it-IT</language>
	<sy:updatePeriod>
	hourly	</sy:updatePeriod>
	<sy:updateFrequency>
	1	</sy:updateFrequency>
	<generator>https://wordpress.org/?v=6.1.1</generator>
	<item>
		<title>Torta di Mele</title>
		<link>/prodotto/torta-di-mele/</link>
					<comments>/prodotto/torta-di-mele/#respond</comments>
		
		<dc:creator><![CDATA[jen]]></dc:creator>
		<pubDate>Sun, 26 Mar 2023 11:00:30 +0000</pubDate>
				<guid isPermaLink="false">/?post_type=product#038;p=57</guid>

					<description><![CDATA[Tradizionale e profumata come la casa della nonna]]></description>
										<content:encoded><![CDATA[<p>Tradizionale e profumata come la casa della nonna</p>
]]></content:encoded>
					
					<wfw:commentRss>/prodotto/torta-di-mele/feed/</wfw:commentRss>
			<slash:comments>0</slash:comments>
		
		
			</item>
		<item>
		<title>Crostata</title>
		<link>/prodotto/crostata/</link>
					<comments>/prodotto/crostata/#respond</comments>
		
		<dc:creator><![CDATA[jen]]></dc:creator>
		<pubDate>Sun, 26 Mar 2023 10:51:12 +0000</pubDate>
				<guid isPermaLink="false">/?post_type=product#038;p=53</guid>

					<description><![CDATA[Deliziosa croccante e un classicone, disponibile alla fragola e all&#8217;albicocca]]></description>
										<content:encoded><![CDATA[<p>Deliziosa croccante e un classicone, disponibile alla fragola e all&#8217;albicocca</p>
]]></content:encoded>
					
					<wfw:commentRss>/prodotto/crostata/feed/</wfw:commentRss>
			<slash:comments>0</slash:comments>
		
		
			</item>
		<item>
		<title>Fondant al cioccolato</title>
		<link>/prodotto/fondant-al-cioccolato/</link>
					<comments>/prodotto/fondant-al-cioccolato/#respond</comments>
		
		<dc:creator><![CDATA[jen]]></dc:creator>
		<pubDate>Sun, 26 Mar 2023 10:48:36 +0000</pubDate>
				<guid isPermaLink="false">/?post_type=product#038;p=52</guid>

					<description><![CDATA[Torta fondente con un intenso profumo di cioccolato]]></description>
										<content:encoded><![CDATA[<p>Torta fondente con un intenso profumo di cioccolato</p>
]]></content:encoded>
					
					<wfw:commentRss>/prodotto/fondant-al-cioccolato/feed/</wfw:commentRss>
			<slash:comments>0</slash:comments>
		
		
			</item>
		<item>
		<title>PlumCake alla Vaniglia</title>
		<link>/prodotto/plumcake-alla-vaniglia/</link>
					<comments>/prodotto/plumcake-alla-vaniglia/#respond</comments>
		
		<dc:creator><![CDATA[jen]]></dc:creator>
		<pubDate>Sun, 26 Mar 2023 10:35:52 +0000</pubDate>
				<guid isPermaLink="false">/?post_type=product#038;p=50</guid>

					<description><![CDATA[Delizioso morbido e profumato dolce adatto a tutte le occasioni, dalla colazione al dessert]]></description>
										<content:encoded><![CDATA[<p>Delizioso morbido e profumato dolce adatto a tutte le occasioni, dalla colazione al dessert</p>
]]></content:encoded>
					
					<wfw:commentRss>/prodotto/plumcake-alla-vaniglia/feed/</wfw:commentRss>
			<slash:comments>0</slash:comments>
		
		
			</item>
	</channel>
</rss>
