<?xml version="1.0" encoding="UTF-8"?><rss version="2.0"
	xmlns:content="http://purl.org/rss/1.0/modules/content/"
	xmlns:dc="http://purl.org/dc/elements/1.1/"
	xmlns:atom="http://www.w3.org/2005/Atom"
	xmlns:sy="http://purl.org/rss/1.0/modules/syndication/"
	
	>
<channel>
	<title>
	Commenti a: Pane di Segale	</title>
	<atom:link href="http://localhost/miopane/prodotto/81/feed/?simply_static_page=238" rel="self" type="application/rss+xml" />
	<link>/prodotto/81/</link>
	<description>La bellezza del carboidrato</description>
	<lastBuildDate>Sun, 26 Mar 2023 12:31:32 +0000</lastBuildDate>
	<sy:updatePeriod>
	hourly	</sy:updatePeriod>
	<sy:updateFrequency>
	1	</sy:updateFrequency>
	<generator>https://wordpress.org/?v=6.1.1</generator>
</channel>
</rss>
